,Alfred,Mandy,Lenny,Joan,Tino,F1,F2
Michael Jackson,3.0,,2.0,3.0,1.0,-0.5100926449323383,-0.4804142720288296
Clint Black,4.0,9.0,5.0,,1.0,0.18180350267660628,-3.2279904399589965
Dropdead,,,8.0,9.0,,-7.55476600174175,-0.3488308109532826
Anti-Cimex,4.0,3.0,9.0,4.0,9.0,-0.5201133445955533,-0.5332887174027805
Cardi B,4.0,8.0,,9.0,5.0,-0.45839156349685334,-1.4139671887220167
